Height,TK03
30,11.89167
48,12.05
70,13.09166667
116,15.225
178,16.71666667
267,18.175

